{"inputs":[["5eebffef93f5e1439170b97948e833285d588181b64550b829a031e1724e6430","c702000000000000000000000000000000000000000000000000000000000000","be2e000000000000000000000000000000000000000000000000000000000000","2a2a000000000000000000000000000000000000000000000000000000000000","fcf4ffef93f5e1439170b97948e833285d588181b64550b829a031e1724e6430"]],"pretty_elements":{"rescaled_inputs":[["-0.6448974609375","0.0867919921875","1.460693359375","1.317626953125","-0.3443603515625"]],"inputs":[["0x30644e72e131a029b85045b68181585d2833e84879b9709143e1f593efffeb5e","0x00000000000000000000000000000000000000000000000000000000000002c7","0x0000000000000000000000000000000000000000000000000000000000002ebe","0x0000000000000000000000000000000000000000000000000000000000002a2a","0x30644e72e131a029b85045b68181585d2833e84879b9709143e1f593effff4fc"]],"processed_inputs":[],"processed_params":[],"processed_outputs":[],"rescaled_outputs":[["-0.0699462890625","-0.3253173828125"]],"outputs":[["0x30644e72e131a029b85045b68181585d2833e84879b9709143e1f593effffdc4","0x30644e72e131a029b85045b68181585d2833e84879b9709143e1f593effff598"]]},"outputs":[["c4fdffef93f5e1439170b97948e833285d588181b64550b829a031e1724e6430","98f5ffef93f5e1439170b97948e833285d588181b64550b829a031e1724e6430"]],"processed_inputs":null,"processed_params":null,"processed_outputs":null,"max_lookup_inputs":2608,"min_lookup_inputs":-3293,"max_range_size":16383,"version":"23.0.3"}